# frequency,filingStatus,variant,minCents,maxCents,taxCents
# Auto-generated from IRS Pub. 15-T 2025 wage-bracket biweekly table.
frequency,filingStatus,variant,minCents,maxCents,taxCents
BIWEEKLY,MARRIED,STANDARD,0,29000,0
BIWEEKLY,MARRIED,STEP2_CHECKBOX,0,29000,0
BIWEEKLY,HEAD_OF_HOUSEHOLD,STANDARD,0,29000,0
BIWEEKLY,HEAD_OF_HOUSEHOLD,STEP2_CHECKBOX,0,29000,0
BIWEEKLY,SINGLE,STANDARD,0,29000,0
BIWEEKLY,SINGLE,STEP2_CHECKBOX,0,29000,0
BIWEEKLY,MARRIED,STANDARD,29000,30000,0
BIWEEKLY,MARRIED,STEP2_CHECKBOX,29000,30000,0
BIWEEKLY,HEAD_OF_HOUSEHOLD,STANDARD,29000,30000,0
BIWEEKLY,HEAD_OF_HOUSEHOLD,STEP2_CHECKBOX,29000,30000,0
BIWEEKLY,SINGLE,STANDARD,29000,30000,0
BIWEEKLY,SINGLE,STEP2_CHECKBOX,29000,30000,100
BIWEEKLY,MARRIED,STANDARD,30000,31000,0
BIWEEKLY,MARRIED,STEP2_CHECKBOX,30000,31000,0
BIWEEKLY,HEAD_OF_HOUSEHOLD,STANDARD,30000,31000,0
BIWEEKLY,HEAD_OF_HOUSEHOLD,STEP2_CHECKBOX,30000,31000,0
BIWEEKLY,SINGLE,STANDARD,30000,31000,0
BIWEEKLY,SINGLE,STEP2_CHECKBOX,30000,31000,200
BIWEEKLY,MARRIED,STANDARD,31000,32000,0
BIWEEKLY,MARRIED,STEP2_CHECKBOX,31000,32000,0
BIWEEKLY,HEAD_OF_HOUSEHOLD,STANDARD,31000,32000,0
BIWEEKLY,HEAD_OF_HOUSEHOLD,STEP2_CHECKBOX,31000,32000,0
BIWEEKLY,SINGLE,STANDARD,31000,32000,0
BIWEEKLY,SINGLE,STEP2_CHECKBOX,31000,32000,300
BIWEEKLY,MARRIED,STANDARD,32000,33000,0
BIWEEKLY,MARRIED,STEP2_CHECKBOX,32000,33000,0
BIWEEKLY,HEAD_OF_HOUSEHOLD,STANDARD,32000,33000,0
BIWEEKLY,HEAD_OF_HOUSEHOLD,STEP2_CHECKBOX,32000,33000,0
BIWEEKLY,SINGLE,STANDARD,32000,33000,0
BIWEEKLY,SINGLE,STEP2_CHECKBOX,32000,33000,400
BIWEEKLY,MARRIED,STANDARD,33000,34000,0
BIWEEKLY,MARRIED,STEP2_CHECKBOX,33000,34000,0
BIWEEKLY,HEAD_OF_HOUSEHOLD,STANDARD,33000,34000,0
BIWEEKLY,HEAD_OF_HOUSEHOLD,STEP2_CHECKBOX,33000,34000,0
BIWEEKLY,SINGLE,STANDARD,33000,34000,0
BIWEEKLY,SINGLE,STEP2_CHECKBOX,33000,34000,500
BIWEEKLY,MARRIED,STANDARD,34000,35000,0
BIWEEKLY,MARRIED,STEP2_CHECKBOX,34000,35000,0
BIWEEKLY,HEAD_OF_HOUSEHOLD,STANDARD,34000,35000,0
BIWEEKLY,HEAD_OF_HOUSEHOLD,STEP2_CHECKBOX,34000,35000,0
BIWEEKLY,SINGLE,STANDARD,34000,35000,0
BIWEEKLY,SINGLE,STEP2_CHECKBOX,34000,35000,600
BIWEEKLY,MARRIED,STANDARD,35000,36000,0
BIWEEKLY,MARRIED,STEP2_CHECKBOX,35000,36000,0
BIWEEKLY,HEAD_OF_HOUSEHOLD,STANDARD,35000,36000,0
BIWEEKLY,HEAD_OF_HOUSEHOLD,STEP2_CHECKBOX,35000,36000,0
BIWEEKLY,SINGLE,STANDARD,35000,36000,0
BIWEEKLY,SINGLE,STEP2_CHECKBOX,35000,36000,700
BIWEEKLY,MARRIED,STANDARD,36000,37000,0
BIWEEKLY,MARRIED,STEP2_CHECKBOX,36000,37000,0
BIWEEKLY,HEAD_OF_HOUSEHOLD,STANDARD,36000,37000,0
BIWEEKLY,HEAD_OF_HOUSEHOLD,STEP2_CHECKBOX,36000,37000,0
BIWEEKLY,SINGLE,STANDARD,36000,37000,0
BIWEEKLY,SINGLE,STEP2_CHECKBOX,36000,37000,800
BIWEEKLY,MARRIED,STANDARD,37000,38000,0
BIWEEKLY,MARRIED,STEP2_CHECKBOX,37000,38000,0
BIWEEKLY,HEAD_OF_HOUSEHOLD,STANDARD,37000,38000,0
BIWEEKLY,HEAD_OF_HOUSEHOLD,STEP2_CHECKBOX,37000,38000,0
BIWEEKLY,SINGLE,STANDARD,37000,38000,0
BIWEEKLY,SINGLE,STEP2_CHECKBOX,37000,38000,900
BIWEEKLY,MARRIED,STANDARD,38000,39000,0
BIWEEKLY,MARRIED,STEP2_CHECKBOX,38000,39000,0
BIWEEKLY,HEAD_OF_HOUSEHOLD,STANDARD,38000,39000,0
BIWEEKLY,HEAD_OF_HOUSEHOLD,STEP2_CHECKBOX,38000,39000,0
BIWEEKLY,SINGLE,STANDARD,38000,39000,0
BIWEEKLY,SINGLE,STEP2_CHECKBOX,38000,39000,1000
BIWEEKLY,MARRIED,STANDARD,39000,40000,0
BIWEEKLY,MARRIED,STEP2_CHECKBOX,39000,40000,0
BIWEEKLY,HEAD_OF_HOUSEHOLD,STANDARD,39000,40000,0
BIWEEKLY,HEAD_OF_HOUSEHOLD,STEP2_CHECKBOX,39000,40000,0
BIWEEKLY,SINGLE,STANDARD,39000,40000,0
BIWEEKLY,SINGLE,STEP2_CHECKBOX,39000,40000,1100
BIWEEKLY,MARRIED,STANDARD,40000,41000,0
BIWEEKLY,MARRIED,STEP2_CHECKBOX,40000,41000,0
BIWEEKLY,HEAD_OF_HOUSEHOLD,STANDARD,40000,41000,0
BIWEEKLY,HEAD_OF_HOUSEHOLD,STEP2_CHECKBOX,40000,41000,0
BIWEEKLY,SINGLE,STANDARD,40000,41000,0
BIWEEKLY,SINGLE,STEP2_CHECKBOX,40000,41000,1200
BIWEEKLY,MARRIED,STANDARD,41000,42000,0
BIWEEKLY,MARRIED,STEP2_CHECKBOX,41000,42000,0
BIWEEKLY,HEAD_OF_HOUSEHOLD,STANDARD,41000,42000,0
BIWEEKLY,HEAD_OF_HOUSEHOLD,STEP2_CHECKBOX,41000,42000,0
BIWEEKLY,SINGLE,STANDARD,41000,42000,0
BIWEEKLY,SINGLE,STEP2_CHECKBOX,41000,42000,1300
BIWEEKLY,MARRIED,STANDARD,42000,43000,0
BIWEEKLY,MARRIED,STEP2_CHECKBOX,42000,43000,0
BIWEEKLY,HEAD_OF_HOUSEHOLD,STANDARD,42000,43000,0
BIWEEKLY,HEAD_OF_HOUSEHOLD,STEP2_CHECKBOX,42000,43000,0
BIWEEKLY,SINGLE,STANDARD,42000,43000,0
BIWEEKLY,SINGLE,STEP2_CHECKBOX,42000,43000,1400
BIWEEKLY,MARRIED,STANDARD,43000,44000,0
BIWEEKLY,MARRIED,STEP2_CHECKBOX,43000,44000,0
BIWEEKLY,HEAD_OF_HOUSEHOLD,STANDARD,43000,44000,0
BIWEEKLY,HEAD_OF_HOUSEHOLD,STEP2_CHECKBOX,43000,44000,0
BIWEEKLY,SINGLE,STANDARD,43000,44000,0
BIWEEKLY,SINGLE,STEP2_CHECKBOX,43000,44000,1500
BIWEEKLY,MARRIED,STANDARD,44000,45000,0
BIWEEKLY,MARRIED,STEP2_CHECKBOX,44000,45000,0
BIWEEKLY,HEAD_OF_HOUSEHOLD,STANDARD,44000,45000,0
BIWEEKLY,HEAD_OF_HOUSEHOLD,STEP2_CHECKBOX,44000,45000,100
BIWEEKLY,SINGLE,STANDARD,44000,45000,0
BIWEEKLY,SINGLE,STEP2_CHECKBOX,44000,45000,1600
BIWEEKLY,MARRIED,STANDARD,45000,46000,0
BIWEEKLY,MARRIED,STEP2_CHECKBOX,45000,46000,0
BIWEEKLY,HEAD_OF_HOUSEHOLD,STANDARD,45000,46000,0
BIWEEKLY,HEAD_OF_HOUSEHOLD,STEP2_CHECKBOX,45000,46000,200
BIWEEKLY,SINGLE,STANDARD,45000,46000,0
BIWEEKLY,SINGLE,STEP2_CHECKBOX,45000,46000,1700
BIWEEKLY,MARRIED,STANDARD,46000,47000,0
BIWEEKLY,MARRIED,STEP2_CHECKBOX,46000,47000,0
BIWEEKLY,HEAD_OF_HOUSEHOLD,STANDARD,46000,47000,0
BIWEEKLY,HEAD_OF_HOUSEHOLD,STEP2_CHECKBOX,46000,47000,300
BIWEEKLY,SINGLE,STANDARD,46000,47000,0
BIWEEKLY,SINGLE,STEP2_CHECKBOX,46000,47000,1800
BIWEEKLY,MARRIED,STANDARD,47000,48000,0
BIWEEKLY,MARRIED,STEP2_CHECKBOX,47000,48000,0
BIWEEKLY,HEAD_OF_HOUSEHOLD,STANDARD,47000,48000,0
BIWEEKLY,HEAD_OF_HOUSEHOLD,STEP2_CHECKBOX,47000,48000,400
BIWEEKLY,SINGLE,STANDARD,47000,48000,0
BIWEEKLY,SINGLE,STEP2_CHECKBOX,47000,48000,1900
BIWEEKLY,MARRIED,STANDARD,48000,49000,0
BIWEEKLY,MARRIED,STEP2_CHECKBOX,48000,49000,0
BIWEEKLY,HEAD_OF_HOUSEHOLD,STANDARD,48000,49000,0
BIWEEKLY,HEAD_OF_HOUSEHOLD,STEP2_CHECKBOX,48000,49000,500
BIWEEKLY,SINGLE,STANDARD,48000,49000,0
BIWEEKLY,SINGLE,STEP2_CHECKBOX,48000,49000,2000
BIWEEKLY,MARRIED,STANDARD,49000,50000,0
BIWEEKLY,MARRIED,STEP2_CHECKBOX,49000,50000,0
BIWEEKLY,HEAD_OF_HOUSEHOLD,STANDARD,49000,50000,0
BIWEEKLY,HEAD_OF_HOUSEHOLD,STEP2_CHECKBOX,49000,50000,600
BIWEEKLY,SINGLE,STANDARD,49000,50000,0
BIWEEKLY,SINGLE,STEP2_CHECKBOX,49000,50000,2100
BIWEEKLY,MARRIED,STANDARD,50000,51000,0
BIWEEKLY,MARRIED,STEP2_CHECKBOX,50000,51000,0
BIWEEKLY,HEAD_OF_HOUSEHOLD,STANDARD,50000,51000,0
BIWEEKLY,HEAD_OF_HOUSEHOLD,STEP2_CHECKBOX,50000,51000,700
BIWEEKLY,SINGLE,STANDARD,50000,51000,0
BIWEEKLY,SINGLE,STEP2_CHECKBOX,50000,51000,2200
BIWEEKLY,MARRIED,STANDARD,51000,52000,0
BIWEEKLY,MARRIED,STEP2_CHECKBOX,51000,52000,0
BIWEEKLY,HEAD_OF_HOUSEHOLD,STANDARD,51000,52000,0
BIWEEKLY,HEAD_OF_HOUSEHOLD,STEP2_CHECKBOX,51000,52000,800
BIWEEKLY,SINGLE,STANDARD,51000,52000,0
BIWEEKLY,SINGLE,STEP2_CHECKBOX,51000,52000,2300
BIWEEKLY,MARRIED,STANDARD,52000,53500,0
BIWEEKLY,MARRIED,STEP2_CHECKBOX,52000,53500,0
BIWEEKLY,HEAD_OF_HOUSEHOLD,STANDARD,52000,53500,0
BIWEEKLY,HEAD_OF_HOUSEHOLD,STEP2_CHECKBOX,52000,53500,900
BIWEEKLY,SINGLE,STANDARD,52000,53500,0
BIWEEKLY,SINGLE,STEP2_CHECKBOX,52000,53500,2400
BIWEEKLY,MARRIED,STANDARD,53500,55000,0
BIWEEKLY,MARRIED,STEP2_CHECKBOX,53500,55000,0
BIWEEKLY,HEAD_OF_HOUSEHOLD,STANDARD,53500,55000,0
BIWEEKLY,HEAD_OF_HOUSEHOLD,STEP2_CHECKBOX,53500,55000,1100
BIWEEKLY,SINGLE,STANDARD,53500,55000,0
BIWEEKLY,SINGLE,STEP2_CHECKBOX,53500,55000,2600
BIWEEKLY,MARRIED,STANDARD,55000,56500,0
BIWEEKLY,MARRIED,STEP2_CHECKBOX,55000,56500,0
BIWEEKLY,HEAD_OF_HOUSEHOLD,STANDARD,55000,56500,0
BIWEEKLY,HEAD_OF_HOUSEHOLD,STEP2_CHECKBOX,55000,56500,1200
BIWEEKLY,SINGLE,STANDARD,55000,56500,0
BIWEEKLY,SINGLE,STEP2_CHECKBOX,55000,56500,2800
BIWEEKLY,MARRIED,STANDARD,56500,58000,0
BIWEEKLY,MARRIED,STEP2_CHECKBOX,56500,58000,0
BIWEEKLY,HEAD_OF_HOUSEHOLD,STANDARD,56500,58000,0
BIWEEKLY,HEAD_OF_HOUSEHOLD,STEP2_CHECKBOX,56500,58000,1400
BIWEEKLY,SINGLE,STANDARD,56500,58000,0
BIWEEKLY,SINGLE,STEP2_CHECKBOX,56500,58000,2900
BIWEEKLY,MARRIED,STANDARD,58000,59500,0
BIWEEKLY,MARRIED,STEP2_CHECKBOX,58000,59500,100
BIWEEKLY,HEAD_OF_HOUSEHOLD,STANDARD,58000,59500,0
BIWEEKLY,HEAD_OF_HOUSEHOLD,STEP2_CHECKBOX,58000,59500,1500
BIWEEKLY,SINGLE,STANDARD,58000,59500,100
BIWEEKLY,SINGLE,STEP2_CHECKBOX,58000,59500,3100
BIWEEKLY,MARRIED,STANDARD,59500,61000,0
BIWEEKLY,MARRIED,STEP2_CHECKBOX,59500,61000,300
BIWEEKLY,HEAD_OF_HOUSEHOLD,STANDARD,59500,61000,0
BIWEEKLY,HEAD_OF_HOUSEHOLD,STEP2_CHECKBOX,59500,61000,1700
BIWEEKLY,SINGLE,STANDARD,59500,61000,300
BIWEEKLY,SINGLE,STEP2_CHECKBOX,59500,61000,3300
BIWEEKLY,MARRIED,STANDARD,61000,62500,0
BIWEEKLY,MARRIED,STEP2_CHECKBOX,61000,62500,400
BIWEEKLY,HEAD_OF_HOUSEHOLD,STANDARD,61000,62500,0
BIWEEKLY,HEAD_OF_HOUSEHOLD,STEP2_CHECKBOX,61000,62500,1800
BIWEEKLY,SINGLE,STANDARD,61000,62500,400
BIWEEKLY,SINGLE,STEP2_CHECKBOX,61000,62500,3500
BIWEEKLY,MARRIED,STANDARD,62500,64000,0
BIWEEKLY,MARRIED,STEP2_CHECKBOX,62500,64000,600
BIWEEKLY,HEAD_OF_HOUSEHOLD,STANDARD,62500,64000,0
BIWEEKLY,HEAD_OF_HOUSEHOLD,STEP2_CHECKBOX,62500,64000,2000
BIWEEKLY,SINGLE,STANDARD,62500,64000,600
BIWEEKLY,SINGLE,STEP2_CHECKBOX,62500,64000,3700
BIWEEKLY,MARRIED,STANDARD,64000,65500,0
BIWEEKLY,MARRIED,STEP2_CHECKBOX,64000,65500,700
BIWEEKLY,HEAD_OF_HOUSEHOLD,STANDARD,64000,65500,0
BIWEEKLY,HEAD_OF_HOUSEHOLD,STEP2_CHECKBOX,64000,65500,2100
BIWEEKLY,SINGLE,STANDARD,64000,65500,700
BIWEEKLY,SINGLE,STEP2_CHECKBOX,64000,65500,3800
BIWEEKLY,MARRIED,STANDARD,65500,67000,0
BIWEEKLY,MARRIED,STEP2_CHECKBOX,65500,67000,900
BIWEEKLY,HEAD_OF_HOUSEHOLD,STANDARD,65500,67000,0
BIWEEKLY,HEAD_OF_HOUSEHOLD,STEP2_CHECKBOX,65500,67000,2300
BIWEEKLY,SINGLE,STANDARD,65500,67000,900
BIWEEKLY,SINGLE,STEP2_CHECKBOX,65500,67000,4000
BIWEEKLY,MARRIED,STANDARD,67000,68500,0
BIWEEKLY,MARRIED,STEP2_CHECKBOX,67000,68500,1000
BIWEEKLY,HEAD_OF_HOUSEHOLD,STANDARD,67000,68500,0
BIWEEKLY,HEAD_OF_HOUSEHOLD,STEP2_CHECKBOX,67000,68500,2400
BIWEEKLY,SINGLE,STANDARD,67000,68500,1000
BIWEEKLY,SINGLE,STEP2_CHECKBOX,67000,68500,4200
BIWEEKLY,MARRIED,STANDARD,68500,70000,0
BIWEEKLY,MARRIED,STEP2_CHECKBOX,68500,70000,1200
BIWEEKLY,HEAD_OF_HOUSEHOLD,STANDARD,68500,70000,0
BIWEEKLY,HEAD_OF_HOUSEHOLD,STEP2_CHECKBOX,68500,70000,2600
BIWEEKLY,SINGLE,STANDARD,68500,70000,1200
BIWEEKLY,SINGLE,STEP2_CHECKBOX,68500,70000,4400
BIWEEKLY,MARRIED,STANDARD,70000,71500,0
BIWEEKLY,MARRIED,STEP2_CHECKBOX,70000,71500,1300
BIWEEKLY,HEAD_OF_HOUSEHOLD,STANDARD,70000,71500,0
BIWEEKLY,HEAD_OF_HOUSEHOLD,STEP2_CHECKBOX,70000,71500,2700
BIWEEKLY,SINGLE,STANDARD,70000,71500,1300
BIWEEKLY,SINGLE,STEP2_CHECKBOX,70000,71500,4600
BIWEEKLY,MARRIED,STANDARD,71500,73000,0
BIWEEKLY,MARRIED,STEP2_CHECKBOX,71500,73000,1500
BIWEEKLY,HEAD_OF_HOUSEHOLD,STANDARD,71500,73000,0
BIWEEKLY,HEAD_OF_HOUSEHOLD,STEP2_CHECKBOX,71500,73000,2900
BIWEEKLY,SINGLE,STANDARD,71500,73000,1500
BIWEEKLY,SINGLE,STEP2_CHECKBOX,71500,73000,4700
BIWEEKLY,MARRIED,STANDARD,73000,74500,0
BIWEEKLY,MARRIED,STEP2_CHECKBOX,73000,74500,1600
BIWEEKLY,HEAD_OF_HOUSEHOLD,STANDARD,73000,74500,0
BIWEEKLY,HEAD_OF_HOUSEHOLD,STEP2_CHECKBOX,73000,74500,3000
BIWEEKLY,SINGLE,STANDARD,73000,74500,1600
BIWEEKLY,SINGLE,STEP2_CHECKBOX,73000,74500,4900
BIWEEKLY,MARRIED,STANDARD,74500,76000,0
BIWEEKLY,MARRIED,STEP2_CHECKBOX,74500,76000,1800
BIWEEKLY,HEAD_OF_HOUSEHOLD,STANDARD,74500,76000,0
BIWEEKLY,HEAD_OF_HOUSEHOLD,STEP2_CHECKBOX,74500,76000,3200
BIWEEKLY,SINGLE,STANDARD,74500,76000,1800
BIWEEKLY,SINGLE,STEP2_CHECKBOX,74500,76000,5100
BIWEEKLY,MARRIED,STANDARD,76000,77500,0
BIWEEKLY,MARRIED,STEP2_CHECKBOX,76000,77500,1900
BIWEEKLY,HEAD_OF_HOUSEHOLD,STANDARD,76000,77500,0
BIWEEKLY,HEAD_OF_HOUSEHOLD,STEP2_CHECKBOX,76000,77500,3400
BIWEEKLY,SINGLE,STANDARD,76000,77500,1900
BIWEEKLY,SINGLE,STEP2_CHECKBOX,76000,77500,5300
BIWEEKLY,MARRIED,STANDARD,77500,79000,0
BIWEEKLY,MARRIED,STEP2_CHECKBOX,77500,79000,2100
BIWEEKLY,HEAD_OF_HOUSEHOLD,STANDARD,77500,79000,0
BIWEEKLY,HEAD_OF_HOUSEHOLD,STEP2_CHECKBOX,77500,79000,3500
BIWEEKLY,SINGLE,STANDARD,77500,79000,2100
BIWEEKLY,SINGLE,STEP2_CHECKBOX,77500,79000,5500
BIWEEKLY,MARRIED,STANDARD,79000,80500,0
BIWEEKLY,MARRIED,STEP2_CHECKBOX,79000,80500,2200
BIWEEKLY,HEAD_OF_HOUSEHOLD,STANDARD,79000,80500,0
BIWEEKLY,HEAD_OF_HOUSEHOLD,STEP2_CHECKBOX,79000,80500,3700
BIWEEKLY,SINGLE,STANDARD,79000,80500,2200
BIWEEKLY,SINGLE,STEP2_CHECKBOX,79000,80500,5600
BIWEEKLY,MARRIED,STANDARD,80500,82000,0
BIWEEKLY,MARRIED,STEP2_CHECKBOX,80500,82000,2400
BIWEEKLY,HEAD_OF_HOUSEHOLD,STANDARD,80500,82000,0
BIWEEKLY,HEAD_OF_HOUSEHOLD,STEP2_CHECKBOX,80500,82000,3900
BIWEEKLY,SINGLE,STANDARD,80500,82000,2400
BIWEEKLY,SINGLE,STEP2_CHECKBOX,80500,82000,5800
BIWEEKLY,MARRIED,STANDARD,82000,83500,0
BIWEEKLY,MARRIED,STEP2_CHECKBOX,82000,83500,2500
BIWEEKLY,HEAD_OF_HOUSEHOLD,STANDARD,82000,83500,0
BIWEEKLY,HEAD_OF_HOUSEHOLD,STEP2_CHECKBOX,82000,83500,4100
BIWEEKLY,SINGLE,STANDARD,82000,83500,2500
BIWEEKLY,SINGLE,STEP2_CHECKBOX,82000,83500,6000
BIWEEKLY,MARRIED,STANDARD,83500,85000,0
BIWEEKLY,MARRIED,STEP2_CHECKBOX,83500,85000,2700
BIWEEKLY,HEAD_OF_HOUSEHOLD,STANDARD,83500,85000,0
BIWEEKLY,HEAD_OF_HOUSEHOLD,STEP2_CHECKBOX,83500,85000,4300
BIWEEKLY,SINGLE,STANDARD,83500,85000,2700
BIWEEKLY,SINGLE,STEP2_CHECKBOX,83500,85000,6200
BIWEEKLY,MARRIED,STANDARD,85000,86500,0
BIWEEKLY,MARRIED,STEP2_CHECKBOX,85000,86500,2800
BIWEEKLY,HEAD_OF_HOUSEHOLD,STANDARD,85000,86500,0
BIWEEKLY,HEAD_OF_HOUSEHOLD,STEP2_CHECKBOX,85000,86500,4400
BIWEEKLY,SINGLE,STANDARD,85000,86500,2800
BIWEEKLY,SINGLE,STEP2_CHECKBOX,85000,86500,6400
BIWEEKLY,MARRIED,STANDARD,86500,88000,0
BIWEEKLY,MARRIED,STEP2_CHECKBOX,86500,88000,3000
BIWEEKLY,HEAD_OF_HOUSEHOLD,STANDARD,86500,88000,100
BIWEEKLY,HEAD_OF_HOUSEHOLD,STEP2_CHECKBOX,86500,88000,4600
BIWEEKLY,SINGLE,STANDARD,86500,88000,3000
BIWEEKLY,SINGLE,STEP2_CHECKBOX,86500,88000,6500
BIWEEKLY,MARRIED,STANDARD,88000,89500,0
BIWEEKLY,MARRIED,STEP2_CHECKBOX,88000,89500,3100
BIWEEKLY,HEAD_OF_HOUSEHOLD,STANDARD,88000,89500,200
BIWEEKLY,HEAD_OF_HOUSEHOLD,STEP2_CHECKBOX,88000,89500,4800
BIWEEKLY,SINGLE,STANDARD,88000,89500,3100
BIWEEKLY,SINGLE,STEP2_CHECKBOX,88000,89500,6700
BIWEEKLY,MARRIED,STANDARD,89500,91000,0
BIWEEKLY,MARRIED,STEP2_CHECKBOX,89500,91000,3300
BIWEEKLY,HEAD_OF_HOUSEHOLD,STANDARD,89500,91000,400
BIWEEKLY,HEAD_OF_HOUSEHOLD,STEP2_CHECKBOX,89500,91000,5000
BIWEEKLY,SINGLE,STANDARD,89500,91000,3300
BIWEEKLY,SINGLE,STEP2_CHECKBOX,89500,91000,6900
BIWEEKLY,MARRIED,STANDARD,91000,92500,0
BIWEEKLY,MARRIED,STEP2_CHECKBOX,91000,92500,3400
BIWEEKLY,HEAD_OF_HOUSEHOLD,STANDARD,91000,92500,500
BIWEEKLY,HEAD_OF_HOUSEHOLD,STEP2_CHECKBOX,91000,92500,5200
BIWEEKLY,SINGLE,STANDARD,91000,92500,3400
BIWEEKLY,SINGLE,STEP2_CHECKBOX,91000,92500,7100
BIWEEKLY,MARRIED,STANDARD,92500,94000,0
BIWEEKLY,MARRIED,STEP2_CHECKBOX,92500,94000,3600
BIWEEKLY,HEAD_OF_HOUSEHOLD,STANDARD,92500,94000,700
BIWEEKLY,HEAD_OF_HOUSEHOLD,STEP2_CHECKBOX,92500,94000,5300
BIWEEKLY,SINGLE,STANDARD,92500,94000,3600
BIWEEKLY,SINGLE,STEP2_CHECKBOX,92500,94000,7300
BIWEEKLY,MARRIED,STANDARD,94000,95500,0
BIWEEKLY,MARRIED,STEP2_CHECKBOX,94000,95500,3700
BIWEEKLY,HEAD_OF_HOUSEHOLD,STANDARD,94000,95500,800
BIWEEKLY,HEAD_OF_HOUSEHOLD,STEP2_CHECKBOX,94000,95500,5500
BIWEEKLY,SINGLE,STANDARD,94000,95500,3700
BIWEEKLY,SINGLE,STEP2_CHECKBOX,94000,95500,7400
BIWEEKLY,MARRIED,STANDARD,95500,97000,0
BIWEEKLY,MARRIED,STEP2_CHECKBOX,95500,97000,3900
BIWEEKLY,HEAD_OF_HOUSEHOLD,STANDARD,95500,97000,1000
BIWEEKLY,HEAD_OF_HOUSEHOLD,STEP2_CHECKBOX,95500,97000,5700
BIWEEKLY,SINGLE,STANDARD,95500,97000,3900
BIWEEKLY,SINGLE,STEP2_CHECKBOX,95500,97000,7600
BIWEEKLY,MARRIED,STANDARD,97000,98500,0
BIWEEKLY,MARRIED,STEP2_CHECKBOX,97000,98500,4000
BIWEEKLY,HEAD_OF_HOUSEHOLD,STANDARD,97000,98500,1100
BIWEEKLY,HEAD_OF_HOUSEHOLD,STEP2_CHECKBOX,97000,98500,5900
BIWEEKLY,SINGLE,STANDARD,97000,98500,4000
BIWEEKLY,SINGLE,STEP2_CHECKBOX,97000,98500,7800
BIWEEKLY,MARRIED,STANDARD,98500,100000,0
BIWEEKLY,MARRIED,STEP2_CHECKBOX,98500,100000,4200
BIWEEKLY,HEAD_OF_HOUSEHOLD,STANDARD,98500,100000,1300
BIWEEKLY,HEAD_OF_HOUSEHOLD,STEP2_CHECKBOX,98500,100000,6100
BIWEEKLY,SINGLE,STANDARD,98500,100000,4200
BIWEEKLY,SINGLE,STEP2_CHECKBOX,98500,100000,8000
BIWEEKLY,MARRIED,STANDARD,100000,101500,0
BIWEEKLY,MARRIED,STEP2_CHECKBOX,100000,101500,4300
BIWEEKLY,HEAD_OF_HOUSEHOLD,STANDARD,100000,101500,1400
BIWEEKLY,HEAD_OF_HOUSEHOLD,STEP2_CHECKBOX,100000,101500,6200
BIWEEKLY,SINGLE,STANDARD,100000,101500,4300
BIWEEKLY,SINGLE,STEP2_CHECKBOX,100000,101500,8200
BIWEEKLY,MARRIED,STANDARD,101500,103000,0
BIWEEKLY,MARRIED,STEP2_CHECKBOX,101500,103000,4500
BIWEEKLY,HEAD_OF_HOUSEHOLD,STANDARD,101500,103000,1600
BIWEEKLY,HEAD_OF_HOUSEHOLD,STEP2_CHECKBOX,101500,103000,6400
BIWEEKLY,SINGLE,STANDARD,101500,103000,4500
BIWEEKLY,SINGLE,STEP2_CHECKBOX,101500,103000,8300
BIWEEKLY,MARRIED,STANDARD,103000,104500,0
BIWEEKLY,MARRIED,STEP2_CHECKBOX,103000,104500,4600
BIWEEKLY,HEAD_OF_HOUSEHOLD,STANDARD,103000,104500,1700
BIWEEKLY,HEAD_OF_HOUSEHOLD,STEP2_CHECKBOX,103000,104500,6600
BIWEEKLY,SINGLE,STANDARD,103000,104500,4600
BIWEEKLY,SINGLE,STEP2_CHECKBOX,103000,104500,8500
BIWEEKLY,MARRIED,STANDARD,104500,106000,0
BIWEEKLY,MARRIED,STEP2_CHECKBOX,104500,106000,4800
BIWEEKLY,HEAD_OF_HOUSEHOLD,STANDARD,104500,106000,1900
BIWEEKLY,HEAD_OF_HOUSEHOLD,STEP2_CHECKBOX,104500,106000,6800
BIWEEKLY,SINGLE,STANDARD,104500,106000,4800
BIWEEKLY,SINGLE,STEP2_CHECKBOX,104500,106000,8700
BIWEEKLY,MARRIED,STANDARD,106000,107500,0
BIWEEKLY,MARRIED,STEP2_CHECKBOX,106000,107500,5000
BIWEEKLY,HEAD_OF_HOUSEHOLD,STANDARD,106000,107500,2000
BIWEEKLY,HEAD_OF_HOUSEHOLD,STEP2_CHECKBOX,106000,107500,7000
BIWEEKLY,SINGLE,STANDARD,106000,107500,5000
BIWEEKLY,SINGLE,STEP2_CHECKBOX,106000,107500,8900
BIWEEKLY,MARRIED,STANDARD,107500,109000,0
BIWEEKLY,MARRIED,STEP2_CHECKBOX,107500,109000,5100
BIWEEKLY,HEAD_OF_HOUSEHOLD,STANDARD,107500,109000,2200
BIWEEKLY,HEAD_OF_HOUSEHOLD,STEP2_CHECKBOX,107500,109000,7100
BIWEEKLY,SINGLE,STANDARD,107500,109000,5100
BIWEEKLY,SINGLE,STEP2_CHECKBOX,107500,109000,9100
BIWEEKLY,MARRIED,STANDARD,109000,110500,0
BIWEEKLY,MARRIED,STEP2_CHECKBOX,109000,110500,5300
BIWEEKLY,HEAD_OF_HOUSEHOLD,STANDARD,109000,110500,2300
BIWEEKLY,HEAD_OF_HOUSEHOLD,STEP2_CHECKBOX,109000,110500,7300
BIWEEKLY,SINGLE,STANDARD,109000,110500,5300
BIWEEKLY,SINGLE,STEP2_CHECKBOX,109000,110500,9200
BIWEEKLY,MARRIED,STANDARD,110500,112000,0
BIWEEKLY,MARRIED,STEP2_CHECKBOX,110500,112000,5500
BIWEEKLY,HEAD_OF_HOUSEHOLD,STANDARD,110500,112000,2500
BIWEEKLY,HEAD_OF_HOUSEHOLD,STEP2_CHECKBOX,110500,112000,7500
BIWEEKLY,SINGLE,STANDARD,110500,112000,5500
BIWEEKLY,SINGLE,STEP2_CHECKBOX,110500,112000,9400
BIWEEKLY,MARRIED,STANDARD,112000,113500,0
BIWEEKLY,MARRIED,STEP2_CHECKBOX,112000,113500,5700
BIWEEKLY,HEAD_OF_HOUSEHOLD,STANDARD,112000,113500,2600
BIWEEKLY,HEAD_OF_HOUSEHOLD,STEP2_CHECKBOX,112000,113500,7700
BIWEEKLY,SINGLE,STANDARD,112000,113500,5700
BIWEEKLY,SINGLE,STEP2_CHECKBOX,112000,113500,9600
BIWEEKLY,MARRIED,STANDARD,113500,115000,0
BIWEEKLY,MARRIED,STEP2_CHECKBOX,113500,115000,5900
BIWEEKLY,HEAD_OF_HOUSEHOLD,STANDARD,113500,115000,2800
BIWEEKLY,HEAD_OF_HOUSEHOLD,STEP2_CHECKBOX,113500,115000,7900
BIWEEKLY,SINGLE,STANDARD,113500,115000,5900
BIWEEKLY,SINGLE,STEP2_CHECKBOX,113500,115000,9800
BIWEEKLY,MARRIED,STANDARD,115000,116500,0
BIWEEKLY,MARRIED,STEP2_CHECKBOX,115000,116500,6000
BIWEEKLY,HEAD_OF_HOUSEHOLD,STANDARD,115000,116500,2900
BIWEEKLY,HEAD_OF_HOUSEHOLD,STEP2_CHECKBOX,115000,116500,8000
BIWEEKLY,SINGLE,STANDARD,115000,116500,6000
BIWEEKLY,SINGLE,STEP2_CHECKBOX,115000,116500,10000
BIWEEKLY,MARRIED,STANDARD,116500,118000,200
BIWEEKLY,MARRIED,STEP2_CHECKBOX,116500,118000,6200
BIWEEKLY,HEAD_OF_HOUSEHOLD,STANDARD,116500,118000,3100
BIWEEKLY,HEAD_OF_HOUSEHOLD,STEP2_CHECKBOX,116500,118000,8200
BIWEEKLY,SINGLE,STANDARD,116500,118000,6200
BIWEEKLY,SINGLE,STEP2_CHECKBOX,116500,118000,10100
BIWEEKLY,MARRIED,STANDARD,118000,119500,300
BIWEEKLY,MARRIED,STEP2_CHECKBOX,118000,119500,6400
BIWEEKLY,HEAD_OF_HOUSEHOLD,STANDARD,118000,119500,3200
BIWEEKLY,HEAD_OF_HOUSEHOLD,STEP2_CHECKBOX,118000,119500,8400
BIWEEKLY,SINGLE,STANDARD,118000,119500,6400
BIWEEKLY,SINGLE,STEP2_CHECKBOX,118000,119500,10300
BIWEEKLY,MARRIED,STANDARD,119500,121000,500
BIWEEKLY,MARRIED,STEP2_CHECKBOX,119500,121000,6600
BIWEEKLY,HEAD_OF_HOUSEHOLD,STANDARD,119500,121000,3400
BIWEEKLY,HEAD_OF_HOUSEHOLD,STEP2_CHECKBOX,119500,121000,8600
BIWEEKLY,SINGLE,STANDARD,119500,121000,6600
BIWEEKLY,SINGLE,STEP2_CHECKBOX,119500,121000,10500
BIWEEKLY,MARRIED,STANDARD,121000,122500,600
BIWEEKLY,MARRIED,STEP2_CHECKBOX,121000,122500,6800
BIWEEKLY,HEAD_OF_HOUSEHOLD,STANDARD,121000,122500,3500
BIWEEKLY,HEAD_OF_HOUSEHOLD,STEP2_CHECKBOX,121000,122500,8800
BIWEEKLY,SINGLE,STANDARD,121000,122500,6800
BIWEEKLY,SINGLE,STEP2_CHECKBOX,121000,122500,10700
BIWEEKLY,MARRIED,STANDARD,122500,124500,800
BIWEEKLY,MARRIED,STEP2_CHECKBOX,122500,124500,7000
BIWEEKLY,HEAD_OF_HOUSEHOLD,STANDARD,122500,124500,3700
BIWEEKLY,HEAD_OF_HOUSEHOLD,STEP2_CHECKBOX,122500,124500,9000
BIWEEKLY,SINGLE,STANDARD,122500,124500,7000
BIWEEKLY,SINGLE,STEP2_CHECKBOX,122500,124500,11000
BIWEEKLY,MARRIED,STANDARD,124500,126500,1000
BIWEEKLY,MARRIED,STEP2_CHECKBOX,124500,126500,7200
BIWEEKLY,HEAD_OF_HOUSEHOLD,STANDARD,124500,126500,3900
BIWEEKLY,HEAD_OF_HOUSEHOLD,STEP2_CHECKBOX,124500,126500,9200
BIWEEKLY,SINGLE,STANDARD,124500,126500,7200
BIWEEKLY,SINGLE,STEP2_CHECKBOX,124500,126500,11500
BIWEEKLY,MARRIED,STANDARD,126500,128500,1200
BIWEEKLY,MARRIED,STEP2_CHECKBOX,126500,128500,7500
BIWEEKLY,HEAD_OF_HOUSEHOLD,STANDARD,126500,128500,4100
BIWEEKLY,HEAD_OF_HOUSEHOLD,STEP2_CHECKBOX,126500,128500,9500
BIWEEKLY,SINGLE,STANDARD,126500,128500,7500
BIWEEKLY,SINGLE,STEP2_CHECKBOX,126500,128500,11900
BIWEEKLY,MARRIED,STANDARD,128500,130500,1400
BIWEEKLY,MARRIED,STEP2_CHECKBOX,128500,130500,7700
BIWEEKLY,HEAD_OF_HOUSEHOLD,STANDARD,128500,130500,4300
BIWEEKLY,HEAD_OF_HOUSEHOLD,STEP2_CHECKBOX,128500,130500,9700
BIWEEKLY,SINGLE,STANDARD,128500,130500,7700
BIWEEKLY,SINGLE,STEP2_CHECKBOX,128500,130500,12400
BIWEEKLY,MARRIED,STANDARD,130500,132500,1600
BIWEEKLY,MARRIED,STEP2_CHECKBOX,130500,132500,7900
BIWEEKLY,HEAD_OF_HOUSEHOLD,STANDARD,130500,132500,4500
BIWEEKLY,HEAD_OF_HOUSEHOLD,STEP2_CHECKBOX,130500,132500,9900
BIWEEKLY,SINGLE,STANDARD,130500,132500,7900
BIWEEKLY,SINGLE,STEP2_CHECKBOX,130500,132500,12800
BIWEEKLY,MARRIED,STANDARD,132500,134500,1800
BIWEEKLY,MARRIED,STEP2_CHECKBOX,132500,134500,8200
BIWEEKLY,HEAD_OF_HOUSEHOLD,STANDARD,132500,134500,4700
BIWEEKLY,HEAD_OF_HOUSEHOLD,STEP2_CHECKBOX,132500,134500,10200
BIWEEKLY,SINGLE,STANDARD,132500,134500,8200
BIWEEKLY,SINGLE,STEP2_CHECKBOX,132500,134500,13200
BIWEEKLY,MARRIED,STANDARD,134500,136500,2000
BIWEEKLY,MARRIED,STEP2_CHECKBOX,134500,136500,8400
BIWEEKLY,HEAD_OF_HOUSEHOLD,STANDARD,134500,136500,4900
BIWEEKLY,HEAD_OF_HOUSEHOLD,STEP2_CHECKBOX,134500,136500,10400
BIWEEKLY,SINGLE,STANDARD,134500,136500,8400
BIWEEKLY,SINGLE,STEP2_CHECKBOX,134500,136500,13700
BIWEEKLY,MARRIED,STANDARD,136500,138500,2200
BIWEEKLY,MARRIED,STEP2_CHECKBOX,136500,138500,8700
BIWEEKLY,HEAD_OF_HOUSEHOLD,STANDARD,136500,138500,5100
BIWEEKLY,HEAD_OF_HOUSEHOLD,STEP2_CHECKBOX,136500,138500,10700
BIWEEKLY,SINGLE,STANDARD,136500,138500,8700
BIWEEKLY,SINGLE,STEP2_CHECKBOX,136500,138500,14100
BIWEEKLY,MARRIED,STANDARD,138500,140500,2400
BIWEEKLY,MARRIED,STEP2_CHECKBOX,138500,140500,8900
BIWEEKLY,HEAD_OF_HOUSEHOLD,STANDARD,138500,140500,5300
BIWEEKLY,HEAD_OF_HOUSEHOLD,STEP2_CHECKBOX,138500,140500,10900
BIWEEKLY,SINGLE,STANDARD,138500,140500,8900
BIWEEKLY,SINGLE,STEP2_CHECKBOX,138500,140500,14600
BIWEEKLY,MARRIED,STANDARD,140500,142500,2600
BIWEEKLY,MARRIED,STEP2_CHECKBOX,140500,142500,9100
BIWEEKLY,HEAD_OF_HOUSEHOLD,STANDARD,140500,142500,5500
BIWEEKLY,HEAD_OF_HOUSEHOLD,STEP2_CHECKBOX,140500,142500,11100
BIWEEKLY,SINGLE,STANDARD,140500,142500,9100
BIWEEKLY,SINGLE,STEP2_CHECKBOX,140500,142500,15000
BIWEEKLY,MARRIED,STANDARD,142500,144500,2800
BIWEEKLY,MARRIED,STEP2_CHECKBOX,142500,144500,9400
BIWEEKLY,HEAD_OF_HOUSEHOLD,STANDARD,142500,144500,5700
BIWEEKLY,HEAD_OF_HOUSEHOLD,STEP2_CHECKBOX,142500,144500,11400
BIWEEKLY,SINGLE,STANDARD,142500,144500,9400
BIWEEKLY,SINGLE,STEP2_CHECKBOX,142500,144500,15400
BIWEEKLY,MARRIED,STANDARD,144500,146500,3000
BIWEEKLY,MARRIED,STEP2_CHECKBOX,144500,146500,9600
BIWEEKLY,HEAD_OF_HOUSEHOLD,STANDARD,144500,146500,5900
BIWEEKLY,HEAD_OF_HOUSEHOLD,STEP2_CHECKBOX,144500,146500,11600
BIWEEKLY,SINGLE,STANDARD,144500,146500,9600
BIWEEKLY,SINGLE,STEP2_CHECKBOX,144500,146500,15900
BIWEEKLY,MARRIED,STANDARD,146500,148500,3200
BIWEEKLY,MARRIED,STEP2_CHECKBOX,146500,148500,9900
BIWEEKLY,HEAD_OF_HOUSEHOLD,STANDARD,146500,148500,6100
BIWEEKLY,HEAD_OF_HOUSEHOLD,STEP2_CHECKBOX,146500,148500,11900
BIWEEKLY,SINGLE,STANDARD,146500,148500,9900
BIWEEKLY,SINGLE,STEP2_CHECKBOX,146500,148500,16300
BIWEEKLY,MARRIED,STANDARD,148500,150500,3400
BIWEEKLY,MARRIED,STEP2_CHECKBOX,148500,150500,10100
BIWEEKLY,HEAD_OF_HOUSEHOLD,STANDARD,148500,150500,6300
BIWEEKLY,HEAD_OF_HOUSEHOLD,STEP2_CHECKBOX,148500,150500,12100
BIWEEKLY,SINGLE,STANDARD,148500,150500,10100
BIWEEKLY,SINGLE,STEP2_CHECKBOX,148500,150500,16800
BIWEEKLY,MARRIED,STANDARD,150500,152500,3600
BIWEEKLY,MARRIED,STEP2_CHECKBOX,150500,152500,10300
BIWEEKLY,HEAD_OF_HOUSEHOLD,STANDARD,150500,152500,6500
BIWEEKLY,HEAD_OF_HOUSEHOLD,STEP2_CHECKBOX,150500,152500,12300
BIWEEKLY,SINGLE,STANDARD,150500,152500,10300
BIWEEKLY,SINGLE,STEP2_CHECKBOX,150500,152500,17200
BIWEEKLY,MARRIED,STANDARD,152500,154500,3800
BIWEEKLY,MARRIED,STEP2_CHECKBOX,152500,154500,10600
BIWEEKLY,HEAD_OF_HOUSEHOLD,STANDARD,152500,154500,6700
BIWEEKLY,HEAD_OF_HOUSEHOLD,STEP2_CHECKBOX,152500,154500,12600
BIWEEKLY,SINGLE,STANDARD,152500,154500,10600
BIWEEKLY,SINGLE,STEP2_CHECKBOX,152500,154500,17600
BIWEEKLY,MARRIED,STANDARD,154500,156500,4000
BIWEEKLY,MARRIED,STEP2_CHECKBOX,154500,156500,10800
BIWEEKLY,HEAD_OF_HOUSEHOLD,STANDARD,154500,156500,7000
BIWEEKLY,HEAD_OF_HOUSEHOLD,STEP2_CHECKBOX,154500,156500,12800
BIWEEKLY,SINGLE,STANDARD,154500,156500,10800
BIWEEKLY,SINGLE,STEP2_CHECKBOX,154500,156500,18100
BIWEEKLY,MARRIED,STANDARD,156500,158500,4200
BIWEEKLY,MARRIED,STEP2_CHECKBOX,156500,158500,11100
BIWEEKLY,HEAD_OF_HOUSEHOLD,STANDARD,156500,158500,7200
BIWEEKLY,HEAD_OF_HOUSEHOLD,STEP2_CHECKBOX,156500,158500,13100
BIWEEKLY,SINGLE,STANDARD,156500,158500,11100
BIWEEKLY,SINGLE,STEP2_CHECKBOX,156500,158500,18500
BIWEEKLY,MARRIED,STANDARD,158500,160500,4400
BIWEEKLY,MARRIED,STEP2_CHECKBOX,158500,160500,11300
BIWEEKLY,HEAD_OF_HOUSEHOLD,STANDARD,158500,160500,7400
BIWEEKLY,HEAD_OF_HOUSEHOLD,STEP2_CHECKBOX,158500,160500,13300
BIWEEKLY,SINGLE,STANDARD,158500,160500,11300
BIWEEKLY,SINGLE,STEP2_CHECKBOX,158500,160500,19000
BIWEEKLY,MARRIED,STANDARD,160500,162500,4600
BIWEEKLY,MARRIED,STEP2_CHECKBOX,160500,162500,11500
BIWEEKLY,HEAD_OF_HOUSEHOLD,STANDARD,160500,162500,7700
BIWEEKLY,HEAD_OF_HOUSEHOLD,STEP2_CHECKBOX,160500,162500,13500
BIWEEKLY,SINGLE,STANDARD,160500,162500,11500
BIWEEKLY,SINGLE,STEP2_CHECKBOX,160500,162500,19400
BIWEEKLY,MARRIED,STANDARD,162500,164500,4800
BIWEEKLY,MARRIED,STEP2_CHECKBOX,162500,164500,11800
BIWEEKLY,HEAD_OF_HOUSEHOLD,STANDARD,162500,164500,7900
BIWEEKLY,HEAD_OF_HOUSEHOLD,STEP2_CHECKBOX,162500,164500,13800
BIWEEKLY,SINGLE,STANDARD,162500,164500,11800
BIWEEKLY,SINGLE,STEP2_CHECKBOX,162500,164500,19800
BIWEEKLY,MARRIED,STANDARD,164500,166500,5000
BIWEEKLY,MARRIED,STEP2_CHECKBOX,164500,166500,12000
BIWEEKLY,HEAD_OF_HOUSEHOLD,STANDARD,164500,166500,8200
BIWEEKLY,HEAD_OF_HOUSEHOLD,STEP2_CHECKBOX,164500,166500,14000
BIWEEKLY,SINGLE,STANDARD,164500,166500,12000
BIWEEKLY,SINGLE,STEP2_CHECKBOX,164500,166500,20300
BIWEEKLY,MARRIED,STANDARD,166500,168500,5200
BIWEEKLY,MARRIED,STEP2_CHECKBOX,166500,168500,12300
BIWEEKLY,HEAD_OF_HOUSEHOLD,STANDARD,166500,168500,8400
BIWEEKLY,HEAD_OF_HOUSEHOLD,STEP2_CHECKBOX,166500,168500,14300
BIWEEKLY,SINGLE,STANDARD,166500,168500,12300
BIWEEKLY,SINGLE,STEP2_CHECKBOX,166500,168500,20700
BIWEEKLY,MARRIED,STANDARD,168500,170500,5400
BIWEEKLY,MARRIED,STEP2_CHECKBOX,168500,170500,12500
BIWEEKLY,HEAD_OF_HOUSEHOLD,STANDARD,168500,170500,8600
BIWEEKLY,HEAD_OF_HOUSEHOLD,STEP2_CHECKBOX,168500,170500,14600
BIWEEKLY,SINGLE,STANDARD,168500,170500,12500
BIWEEKLY,SINGLE,STEP2_CHECKBOX,168500,170500,21200
BIWEEKLY,MARRIED,STANDARD,170500,172500,5600
BIWEEKLY,MARRIED,STEP2_CHECKBOX,170500,172500,12700
BIWEEKLY,HEAD_OF_HOUSEHOLD,STANDARD,170500,172500,8900
BIWEEKLY,HEAD_OF_HOUSEHOLD,STEP2_CHECKBOX,170500,172500,15100
BIWEEKLY,SINGLE,STANDARD,170500,172500,12700
BIWEEKLY,SINGLE,STEP2_CHECKBOX,170500,172500,21600
BIWEEKLY,MARRIED,STANDARD,172500,174500,5800
BIWEEKLY,MARRIED,STEP2_CHECKBOX,172500,174500,13000
BIWEEKLY,HEAD_OF_HOUSEHOLD,STANDARD,172500,174500,9100
BIWEEKLY,HEAD_OF_HOUSEHOLD,STEP2_CHECKBOX,172500,174500,15500
BIWEEKLY,SINGLE,STANDARD,172500,174500,13000
BIWEEKLY,SINGLE,STEP2_CHECKBOX,172500,174500,22000
BIWEEKLY,MARRIED,STANDARD,174500,176500,6000
BIWEEKLY,MARRIED,STEP2_CHECKBOX,174500,176500,13200
BIWEEKLY,HEAD_OF_HOUSEHOLD,STANDARD,174500,176500,9400
BIWEEKLY,HEAD_OF_HOUSEHOLD,STEP2_CHECKBOX,174500,176500,16000
BIWEEKLY,SINGLE,STANDARD,174500,176500,13200
BIWEEKLY,SINGLE,STEP2_CHECKBOX,174500,176500,22500
BIWEEKLY,MARRIED,STANDARD,176500,178500,6200
BIWEEKLY,MARRIED,STEP2_CHECKBOX,176500,178500,13500
BIWEEKLY,HEAD_OF_HOUSEHOLD,STANDARD,176500,178500,9600
BIWEEKLY,HEAD_OF_HOUSEHOLD,STEP2_CHECKBOX,176500,178500,16400
BIWEEKLY,SINGLE,STANDARD,176500,178500,13500
BIWEEKLY,SINGLE,STEP2_CHECKBOX,176500,178500,22900
BIWEEKLY,MARRIED,STANDARD,178500,180500,6400
BIWEEKLY,MARRIED,STEP2_CHECKBOX,178500,180500,13700
BIWEEKLY,HEAD_OF_HOUSEHOLD,STANDARD,178500,180500,9800
BIWEEKLY,HEAD_OF_HOUSEHOLD,STEP2_CHECKBOX,178500,180500,16800
BIWEEKLY,SINGLE,STANDARD,178500,180500,13700
BIWEEKLY,SINGLE,STEP2_CHECKBOX,178500,180500,23400
BIWEEKLY,MARRIED,STANDARD,180500,182500,6600
BIWEEKLY,MARRIED,STEP2_CHECKBOX,180500,182500,13900
BIWEEKLY,HEAD_OF_HOUSEHOLD,STANDARD,180500,182500,10100
BIWEEKLY,HEAD_OF_HOUSEHOLD,STEP2_CHECKBOX,180500,182500,17300
BIWEEKLY,SINGLE,STANDARD,180500,182500,13900
BIWEEKLY,SINGLE,STEP2_CHECKBOX,180500,182500,23800
BIWEEKLY,MARRIED,STANDARD,182500,184500,6800
BIWEEKLY,MARRIED,STEP2_CHECKBOX,182500,184500,14200
BIWEEKLY,HEAD_OF_HOUSEHOLD,STANDARD,182500,184500,10300
BIWEEKLY,HEAD_OF_HOUSEHOLD,STEP2_CHECKBOX,182500,184500,17700
BIWEEKLY,SINGLE,STANDARD,182500,184500,14200
BIWEEKLY,SINGLE,STEP2_CHECKBOX,182500,184500,24200
BIWEEKLY,MARRIED,STANDARD,184500,186500,7000
BIWEEKLY,MARRIED,STEP2_CHECKBOX,184500,186500,14400
BIWEEKLY,HEAD_OF_HOUSEHOLD,STANDARD,184500,186500,10600
BIWEEKLY,HEAD_OF_HOUSEHOLD,STEP2_CHECKBOX,184500,186500,18200
BIWEEKLY,SINGLE,STANDARD,184500,186500,14400
BIWEEKLY,SINGLE,STEP2_CHECKBOX,184500,186500,24700
BIWEEKLY,MARRIED,STANDARD,186500,188500,7200
BIWEEKLY,MARRIED,STEP2_CHECKBOX,186500,188500,14700
BIWEEKLY,HEAD_OF_HOUSEHOLD,STANDARD,186500,188500,10800
BIWEEKLY,HEAD_OF_HOUSEHOLD,STEP2_CHECKBOX,186500,188500,18600
BIWEEKLY,SINGLE,STANDARD,186500,188500,14700
BIWEEKLY,SINGLE,STEP2_CHECKBOX,186500,188500,25100
BIWEEKLY,MARRIED,STANDARD,188500,190500,7400
BIWEEKLY,MARRIED,STEP2_CHECKBOX,188500,190500,14900
BIWEEKLY,HEAD_OF_HOUSEHOLD,STANDARD,188500,190500,11000
BIWEEKLY,HEAD_OF_HOUSEHOLD,STEP2_CHECKBOX,188500,190500,19000
BIWEEKLY,SINGLE,STANDARD,188500,190500,14900
BIWEEKLY,SINGLE,STEP2_CHECKBOX,188500,190500,25600
BIWEEKLY,MARRIED,STANDARD,190500,192500,7600
BIWEEKLY,MARRIED,STEP2_CHECKBOX,190500,192500,15100
BIWEEKLY,HEAD_OF_HOUSEHOLD,STANDARD,190500,192500,11300
BIWEEKLY,HEAD_OF_HOUSEHOLD,STEP2_CHECKBOX,190500,192500,19500
BIWEEKLY,SINGLE,STANDARD,190500,192500,15100
BIWEEKLY,SINGLE,STEP2_CHECKBOX,190500,192500,26000
BIWEEKLY,MARRIED,STANDARD,192500,194500,7800
BIWEEKLY,MARRIED,STEP2_CHECKBOX,192500,194500,15400
BIWEEKLY,HEAD_OF_HOUSEHOLD,STANDARD,192500,194500,11500
BIWEEKLY,HEAD_OF_HOUSEHOLD,STEP2_CHECKBOX,192500,194500,19900
BIWEEKLY,SINGLE,STANDARD,192500,194500,15400
BIWEEKLY,SINGLE,STEP2_CHECKBOX,192500,194500,26400
BIWEEKLY,MARRIED,STANDARD,194500,196500,8000
BIWEEKLY,MARRIED,STEP2_CHECKBOX,194500,196500,15600
BIWEEKLY,HEAD_OF_HOUSEHOLD,STANDARD,194500,196500,11800
BIWEEKLY,HEAD_OF_HOUSEHOLD,STEP2_CHECKBOX,194500,196500,20400
BIWEEKLY,SINGLE,STANDARD,194500,196500,15600
BIWEEKLY,SINGLE,STEP2_CHECKBOX,194500,196500,26900
BIWEEKLY,MARRIED,STANDARD,196500,198500,8200
BIWEEKLY,MARRIED,STEP2_CHECKBOX,196500,198500,15900
BIWEEKLY,HEAD_OF_HOUSEHOLD,STANDARD,196500,198500,12000
BIWEEKLY,HEAD_OF_HOUSEHOLD,STEP2_CHECKBOX,196500,198500,20800
BIWEEKLY,SINGLE,STANDARD,196500,198500,15900
BIWEEKLY,SINGLE,STEP2_CHECKBOX,196500,198500,27300
BIWEEKLY,MARRIED,STANDARD,198500,200500,8400
BIWEEKLY,MARRIED,STEP2_CHECKBOX,198500,200500,16100
BIWEEKLY,HEAD_OF_HOUSEHOLD,STANDARD,198500,200500,12200
BIWEEKLY,HEAD_OF_HOUSEHOLD,STEP2_CHECKBOX,198500,200500,21200
BIWEEKLY,SINGLE,STANDARD,198500,200500,16100
BIWEEKLY,SINGLE,STEP2_CHECKBOX,198500,200500,27800
BIWEEKLY,MARRIED,STANDARD,200500,202500,8600
BIWEEKLY,MARRIED,STEP2_CHECKBOX,200500,202500,16300
BIWEEKLY,HEAD_OF_HOUSEHOLD,STANDARD,200500,202500,12500
BIWEEKLY,HEAD_OF_HOUSEHOLD,STEP2_CHECKBOX,200500,202500,21700
BIWEEKLY,SINGLE,STANDARD,200500,202500,16300
BIWEEKLY,SINGLE,STEP2_CHECKBOX,200500,202500,28200
BIWEEKLY,MARRIED,STANDARD,202500,204500,8800
BIWEEKLY,MARRIED,STEP2_CHECKBOX,202500,204500,16600
BIWEEKLY,HEAD_OF_HOUSEHOLD,STANDARD,202500,204500,12700
BIWEEKLY,HEAD_OF_HOUSEHOLD,STEP2_CHECKBOX,202500,204500,22100
BIWEEKLY,SINGLE,STANDARD,202500,204500,16600
BIWEEKLY,SINGLE,STEP2_CHECKBOX,202500,204500,28600
BIWEEKLY,MARRIED,STANDARD,204500,206500,9000
BIWEEKLY,MARRIED,STEP2_CHECKBOX,204500,206500,16800
BIWEEKLY,HEAD_OF_HOUSEHOLD,STANDARD,204500,206500,13000
BIWEEKLY,HEAD_OF_HOUSEHOLD,STEP2_CHECKBOX,204500,206500,22600
BIWEEKLY,SINGLE,STANDARD,204500,206500,16800
BIWEEKLY,SINGLE,STEP2_CHECKBOX,204500,206500,29100
BIWEEKLY,MARRIED,STANDARD,206500,208500,9200
BIWEEKLY,MARRIED,STEP2_CHECKBOX,206500,208500,17100
BIWEEKLY,HEAD_OF_HOUSEHOLD,STANDARD,206500,208500,13200
BIWEEKLY,HEAD_OF_HOUSEHOLD,STEP2_CHECKBOX,206500,208500,23000
BIWEEKLY,SINGLE,STANDARD,206500,208500,17100
BIWEEKLY,SINGLE,STEP2_CHECKBOX,206500,208500,29500
BIWEEKLY,MARRIED,STANDARD,208500,210500,9500
BIWEEKLY,MARRIED,STEP2_CHECKBOX,208500,210500,17300
BIWEEKLY,HEAD_OF_HOUSEHOLD,STANDARD,208500,210500,13400
BIWEEKLY,HEAD_OF_HOUSEHOLD,STEP2_CHECKBOX,208500,210500,23400
BIWEEKLY,SINGLE,STANDARD,208500,210500,17300
BIWEEKLY,SINGLE,STEP2_CHECKBOX,208500,210500,30000
BIWEEKLY,MARRIED,STANDARD,210500,212500,9700
BIWEEKLY,MARRIED,STEP2_CHECKBOX,210500,212500,17500
BIWEEKLY,HEAD_OF_HOUSEHOLD,STANDARD,210500,212500,13700
BIWEEKLY,HEAD_OF_HOUSEHOLD,STEP2_CHECKBOX,210500,212500,23900
BIWEEKLY,SINGLE,STANDARD,210500,212500,17500
BIWEEKLY,SINGLE,STEP2_CHECKBOX,210500,212500,30400
BIWEEKLY,MARRIED,STANDARD,212500,214500,9900
BIWEEKLY,MARRIED,STEP2_CHECKBOX,212500,214500,17800
BIWEEKLY,HEAD_OF_HOUSEHOLD,STANDARD,212500,214500,13900
BIWEEKLY,HEAD_OF_HOUSEHOLD,STEP2_CHECKBOX,212500,214500,24300
BIWEEKLY,SINGLE,STANDARD,212500,214500,17800
BIWEEKLY,SINGLE,STEP2_CHECKBOX,212500,214500,30800
BIWEEKLY,MARRIED,STANDARD,214500,216500,10200
BIWEEKLY,MARRIED,STEP2_CHECKBOX,214500,216500,18000
BIWEEKLY,HEAD_OF_HOUSEHOLD,STANDARD,214500,216500,14200
BIWEEKLY,HEAD_OF_HOUSEHOLD,STEP2_CHECKBOX,214500,216500,24800
BIWEEKLY,SINGLE,STANDARD,214500,216500,18000
BIWEEKLY,SINGLE,STEP2_CHECKBOX,214500,216500,31300
BIWEEKLY,MARRIED,STANDARD,216500,218500,10400
BIWEEKLY,MARRIED,STEP2_CHECKBOX,216500,218500,18300
BIWEEKLY,HEAD_OF_HOUSEHOLD,STANDARD,216500,218500,14400
BIWEEKLY,HEAD_OF_HOUSEHOLD,STEP2_CHECKBOX,216500,218500,25200
BIWEEKLY,SINGLE,STANDARD,216500,218500,18300
BIWEEKLY,SINGLE,STEP2_CHECKBOX,216500,218500,31700
BIWEEKLY,MARRIED,STANDARD,218500,220500,10700
BIWEEKLY,MARRIED,STEP2_CHECKBOX,218500,220500,18500
BIWEEKLY,HEAD_OF_HOUSEHOLD,STANDARD,218500,220500,14600
BIWEEKLY,HEAD_OF_HOUSEHOLD,STEP2_CHECKBOX,218500,220500,25600
BIWEEKLY,SINGLE,STANDARD,218500,220500,18500
BIWEEKLY,SINGLE,STEP2_CHECKBOX,218500,220500,32200
BIWEEKLY,MARRIED,STANDARD,220500,222500,10900
BIWEEKLY,MARRIED,STEP2_CHECKBOX,220500,222500,18700
BIWEEKLY,HEAD_OF_HOUSEHOLD,STANDARD,220500,222500,14900
BIWEEKLY,HEAD_OF_HOUSEHOLD,STEP2_CHECKBOX,220500,222500,26100
BIWEEKLY,SINGLE,STANDARD,220500,222500,18700
BIWEEKLY,SINGLE,STEP2_CHECKBOX,220500,222500,32600
BIWEEKLY,MARRIED,STANDARD,222500,224500,11100
BIWEEKLY,MARRIED,STEP2_CHECKBOX,222500,224500,19000
BIWEEKLY,HEAD_OF_HOUSEHOLD,STANDARD,222500,224500,15100
BIWEEKLY,HEAD_OF_HOUSEHOLD,STEP2_CHECKBOX,222500,224500,26500
BIWEEKLY,SINGLE,STANDARD,222500,224500,19000
BIWEEKLY,SINGLE,STEP2_CHECKBOX,222500,224500,33000
BIWEEKLY,MARRIED,STANDARD,224500,226500,11400
BIWEEKLY,MARRIED,STEP2_CHECKBOX,224500,226500,19200
BIWEEKLY,HEAD_OF_HOUSEHOLD,STANDARD,224500,226500,15400
BIWEEKLY,HEAD_OF_HOUSEHOLD,STEP2_CHECKBOX,224500,226500,27000
BIWEEKLY,SINGLE,STANDARD,224500,226500,19200
BIWEEKLY,SINGLE,STEP2_CHECKBOX,224500,226500,33500
BIWEEKLY,MARRIED,STANDARD,226500,228500,11600
BIWEEKLY,MARRIED,STEP2_CHECKBOX,226500,228500,19500
BIWEEKLY,HEAD_OF_HOUSEHOLD,STANDARD,226500,228500,15600
BIWEEKLY,HEAD_OF_HOUSEHOLD,STEP2_CHECKBOX,226500,228500,27400
BIWEEKLY,SINGLE,STANDARD,226500,228500,19500
BIWEEKLY,SINGLE,STEP2_CHECKBOX,226500,228500,33900
BIWEEKLY,MARRIED,STANDARD,228500,231500,11900
BIWEEKLY,MARRIED,STEP2_CHECKBOX,228500,231500,19800
BIWEEKLY,HEAD_OF_HOUSEHOLD,STANDARD,228500,231500,15900
BIWEEKLY,HEAD_OF_HOUSEHOLD,STEP2_CHECKBOX,228500,231500,28000
BIWEEKLY,SINGLE,STANDARD,228500,231500,19800
BIWEEKLY,SINGLE,STEP2_CHECKBOX,228500,231500,34500
BIWEEKLY,MARRIED,STANDARD,231500,234500,12300
BIWEEKLY,MARRIED,STEP2_CHECKBOX,231500,234500,20100
BIWEEKLY,HEAD_OF_HOUSEHOLD,STANDARD,231500,234500,16300
BIWEEKLY,HEAD_OF_HOUSEHOLD,STEP2_CHECKBOX,231500,234500,28600
BIWEEKLY,SINGLE,STANDARD,231500,234500,20100
BIWEEKLY,SINGLE,STEP2_CHECKBOX,231500,234500,35200
BIWEEKLY,MARRIED,STANDARD,234500,237500,12600
BIWEEKLY,MARRIED,STEP2_CHECKBOX,234500,237500,20500
BIWEEKLY,HEAD_OF_HOUSEHOLD,STANDARD,234500,237500,16600
BIWEEKLY,HEAD_OF_HOUSEHOLD,STEP2_CHECKBOX,234500,237500,29300
BIWEEKLY,SINGLE,STANDARD,234500,237500,20500
BIWEEKLY,SINGLE,STEP2_CHECKBOX,234500,237500,36000
BIWEEKLY,MARRIED,STANDARD,237500,240500,13000
BIWEEKLY,MARRIED,STEP2_CHECKBOX,237500,240500,20800
BIWEEKLY,HEAD_OF_HOUSEHOLD,STANDARD,237500,240500,17000
BIWEEKLY,HEAD_OF_HOUSEHOLD,STEP2_CHECKBOX,237500,240500,29900
BIWEEKLY,SINGLE,STANDARD,237500,240500,20800
BIWEEKLY,SINGLE,STEP2_CHECKBOX,237500,240500,36700
BIWEEKLY,MARRIED,STANDARD,240500,243500,13400
BIWEEKLY,MARRIED,STEP2_CHECKBOX,240500,243500,21200
BIWEEKLY,HEAD_OF_HOUSEHOLD,STANDARD,240500,243500,17300
BIWEEKLY,HEAD_OF_HOUSEHOLD,STEP2_CHECKBOX,240500,243500,30600
BIWEEKLY,SINGLE,STANDARD,240500,243500,21200
BIWEEKLY,SINGLE,STEP2_CHECKBOX,240500,243500,37400
BIWEEKLY,MARRIED,STANDARD,243500,246500,13700
BIWEEKLY,MARRIED,STEP2_CHECKBOX,243500,246500,21600
BIWEEKLY,HEAD_OF_HOUSEHOLD,STANDARD,243500,246500,17700
BIWEEKLY,HEAD_OF_HOUSEHOLD,STEP2_CHECKBOX,243500,246500,31300
BIWEEKLY,SINGLE,STANDARD,243500,246500,21600
BIWEEKLY,SINGLE,STEP2_CHECKBOX,243500,246500,38100
BIWEEKLY,MARRIED,STANDARD,246500,249500,14100
BIWEEKLY,MARRIED,STEP2_CHECKBOX,246500,249500,22300
BIWEEKLY,HEAD_OF_HOUSEHOLD,STANDARD,246500,249500,18100
BIWEEKLY,HEAD_OF_HOUSEHOLD,STEP2_CHECKBOX,246500,249500,32000
BIWEEKLY,SINGLE,STANDARD,246500,249500,22300
BIWEEKLY,SINGLE,STEP2_CHECKBOX,246500,249500,38800
BIWEEKLY,MARRIED,STANDARD,249500,252500,14400
BIWEEKLY,MARRIED,STEP2_CHECKBOX,249500,252500,23000
BIWEEKLY,HEAD_OF_HOUSEHOLD,STANDARD,249500,252500,18400
BIWEEKLY,HEAD_OF_HOUSEHOLD,STEP2_CHECKBOX,249500,252500,32800
BIWEEKLY,SINGLE,STANDARD,249500,252500,23000
BIWEEKLY,SINGLE,STEP2_CHECKBOX,249500,252500,39600
BIWEEKLY,MARRIED,STANDARD,252500,255500,14800
BIWEEKLY,MARRIED,STEP2_CHECKBOX,252500,255500,23600
BIWEEKLY,HEAD_OF_HOUSEHOLD,STANDARD,252500,255500,18800
BIWEEKLY,HEAD_OF_HOUSEHOLD,STEP2_CHECKBOX,252500,255500,33500
BIWEEKLY,SINGLE,STANDARD,252500,255500,23600
BIWEEKLY,SINGLE,STEP2_CHECKBOX,252500,255500,40300
BIWEEKLY,MARRIED,STANDARD,255500,258500,15200
BIWEEKLY,MARRIED,STEP2_CHECKBOX,255500,258500,24300
BIWEEKLY,HEAD_OF_HOUSEHOLD,STANDARD,255500,258500,19100
BIWEEKLY,HEAD_OF_HOUSEHOLD,STEP2_CHECKBOX,255500,258500,34200
BIWEEKLY,SINGLE,STANDARD,255500,258500,24300
BIWEEKLY,SINGLE,STEP2_CHECKBOX,255500,258500,41000
BIWEEKLY,MARRIED,STANDARD,258500,261500,15500
BIWEEKLY,MARRIED,STEP2_CHECKBOX,258500,261500,24900
BIWEEKLY,HEAD_OF_HOUSEHOLD,STANDARD,258500,261500,19500
BIWEEKLY,HEAD_OF_HOUSEHOLD,STEP2_CHECKBOX,258500,261500,34900
BIWEEKLY,SINGLE,STANDARD,258500,261500,24900
BIWEEKLY,SINGLE,STEP2_CHECKBOX,258500,261500,41700
BIWEEKLY,MARRIED,STANDARD,261500,264500,15900
BIWEEKLY,MARRIED,STEP2_CHECKBOX,261500,264500,25600
BIWEEKLY,HEAD_OF_HOUSEHOLD,STANDARD,261500,264500,19900
BIWEEKLY,HEAD_OF_HOUSEHOLD,STEP2_CHECKBOX,261500,264500,35600
BIWEEKLY,SINGLE,STANDARD,261500,264500,25600
BIWEEKLY,SINGLE,STEP2_CHECKBOX,261500,264500,42400
BIWEEKLY,MARRIED,STANDARD,264500,267500,16200
BIWEEKLY,MARRIED,STEP2_CHECKBOX,264500,267500,26300
BIWEEKLY,HEAD_OF_HOUSEHOLD,STANDARD,264500,267500,20200
BIWEEKLY,HEAD_OF_HOUSEHOLD,STEP2_CHECKBOX,264500,267500,36400
BIWEEKLY,SINGLE,STANDARD,264500,267500,26300
BIWEEKLY,SINGLE,STEP2_CHECKBOX,264500,267500,43200
BIWEEKLY,MARRIED,STANDARD,267500,270500,16600
BIWEEKLY,MARRIED,STEP2_CHECKBOX,267500,270500,26900
BIWEEKLY,HEAD_OF_HOUSEHOLD,STANDARD,267500,270500,20600
BIWEEKLY,HEAD_OF_HOUSEHOLD,STEP2_CHECKBOX,267500,270500,37100
BIWEEKLY,SINGLE,STANDARD,267500,270500,26900
BIWEEKLY,SINGLE,STEP2_CHECKBOX,267500,270500,43900
BIWEEKLY,MARRIED,STANDARD,270500,273500,17000
BIWEEKLY,MARRIED,STEP2_CHECKBOX,270500,273500,27600
BIWEEKLY,HEAD_OF_HOUSEHOLD,STANDARD,270500,273500,20900
BIWEEKLY,HEAD_OF_HOUSEHOLD,STEP2_CHECKBOX,270500,273500,37800
BIWEEKLY,SINGLE,STANDARD,270500,273500,27600
BIWEEKLY,SINGLE,STEP2_CHECKBOX,270500,273500,44600
BIWEEKLY,MARRIED,STANDARD,273500,276500,17300
BIWEEKLY,MARRIED,STEP2_CHECKBOX,273500,276500,28200
BIWEEKLY,HEAD_OF_HOUSEHOLD,STANDARD,273500,276500,21300
BIWEEKLY,HEAD_OF_HOUSEHOLD,STEP2_CHECKBOX,273500,276500,38500
BIWEEKLY,SINGLE,STANDARD,273500,276500,28200
BIWEEKLY,SINGLE,STEP2_CHECKBOX,273500,276500,45300
BIWEEKLY,MARRIED,STANDARD,276500,279500,17700
BIWEEKLY,MARRIED,STEP2_CHECKBOX,276500,279500,28900
BIWEEKLY,HEAD_OF_HOUSEHOLD,STANDARD,276500,279500,21700
BIWEEKLY,HEAD_OF_HOUSEHOLD,STEP2_CHECKBOX,276500,279500,39200
BIWEEKLY,SINGLE,STANDARD,276500,279500,28900
BIWEEKLY,SINGLE,STEP2_CHECKBOX,276500,279500,46000
BIWEEKLY,MARRIED,STANDARD,279500,282500,18000
BIWEEKLY,MARRIED,STEP2_CHECKBOX,279500,282500,29600
BIWEEKLY,HEAD_OF_HOUSEHOLD,STANDARD,279500,282500,22000
BIWEEKLY,HEAD_OF_HOUSEHOLD,STEP2_CHECKBOX,279500,282500,40000
BIWEEKLY,SINGLE,STANDARD,279500,282500,29600
BIWEEKLY,SINGLE,STEP2_CHECKBOX,279500,282500,46800
BIWEEKLY,MARRIED,STANDARD,282500,285500,18400
BIWEEKLY,MARRIED,STEP2_CHECKBOX,282500,285500,30200
BIWEEKLY,HEAD_OF_HOUSEHOLD,STANDARD,282500,285500,22400
BIWEEKLY,HEAD_OF_HOUSEHOLD,STEP2_CHECKBOX,282500,285500,40700
BIWEEKLY,SINGLE,STANDARD,282500,285500,30200
BIWEEKLY,SINGLE,STEP2_CHECKBOX,282500,285500,47500
BIWEEKLY,MARRIED,STANDARD,285500,288500,18800
BIWEEKLY,MARRIED,STEP2_CHECKBOX,285500,288500,30900
BIWEEKLY,HEAD_OF_HOUSEHOLD,STANDARD,285500,288500,22700
BIWEEKLY,HEAD_OF_HOUSEHOLD,STEP2_CHECKBOX,285500,288500,41400
BIWEEKLY,SINGLE,STANDARD,285500,288500,30900
BIWEEKLY,SINGLE,STEP2_CHECKBOX,285500,288500,48200
BIWEEKLY,MARRIED,STANDARD,288500,291500,19100
BIWEEKLY,MARRIED,STEP2_CHECKBOX,288500,291500,31500
BIWEEKLY,HEAD_OF_HOUSEHOLD,STANDARD,288500,291500,23100
BIWEEKLY,HEAD_OF_HOUSEHOLD,STEP2_CHECKBOX,288500,291500,42100
BIWEEKLY,SINGLE,STANDARD,288500,291500,31500
BIWEEKLY,SINGLE,STEP2_CHECKBOX,288500,291500,48900
BIWEEKLY,MARRIED,STANDARD,291500,294500,19500
BIWEEKLY,MARRIED,STEP2_CHECKBOX,291500,294500,32200
BIWEEKLY,HEAD_OF_HOUSEHOLD,STANDARD,291500,294500,23500
BIWEEKLY,HEAD_OF_HOUSEHOLD,STEP2_CHECKBOX,291500,294500,42800
BIWEEKLY,SINGLE,STANDARD,291500,294500,32200
BIWEEKLY,SINGLE,STEP2_CHECKBOX,291500,294500,49600
BIWEEKLY,MARRIED,STANDARD,294500,297500,19800
BIWEEKLY,MARRIED,STEP2_CHECKBOX,294500,297500,32900
BIWEEKLY,HEAD_OF_HOUSEHOLD,STANDARD,294500,297500,23800
BIWEEKLY,HEAD_OF_HOUSEHOLD,STEP2_CHECKBOX,294500,297500,43600
BIWEEKLY,SINGLE,STANDARD,294500,297500,32900
BIWEEKLY,SINGLE,STEP2_CHECKBOX,294500,297500,50400
BIWEEKLY,MARRIED,STANDARD,297500,300500,20200
BIWEEKLY,MARRIED,STEP2_CHECKBOX,297500,300500,33500
BIWEEKLY,HEAD_OF_HOUSEHOLD,STANDARD,297500,300500,24200
BIWEEKLY,HEAD_OF_HOUSEHOLD,STEP2_CHECKBOX,297500,300500,44300
BIWEEKLY,SINGLE,STANDARD,297500,300500,33500
BIWEEKLY,SINGLE,STEP2_CHECKBOX,297500,300500,51100
BIWEEKLY,MARRIED,STANDARD,300500,303500,20600
BIWEEKLY,MARRIED,STEP2_CHECKBOX,300500,303500,34200
BIWEEKLY,HEAD_OF_HOUSEHOLD,STANDARD,300500,303500,24500
BIWEEKLY,HEAD_OF_HOUSEHOLD,STEP2_CHECKBOX,300500,303500,45000
BIWEEKLY,SINGLE,STANDARD,300500,303500,34200
BIWEEKLY,SINGLE,STEP2_CHECKBOX,300500,303500,51800
BIWEEKLY,MARRIED,STANDARD,303500,306500,20900
BIWEEKLY,MARRIED,STEP2_CHECKBOX,303500,306500,34800
BIWEEKLY,HEAD_OF_HOUSEHOLD,STANDARD,303500,306500,24900
BIWEEKLY,HEAD_OF_HOUSEHOLD,STEP2_CHECKBOX,303500,306500,45700
BIWEEKLY,SINGLE,STANDARD,303500,306500,34800
BIWEEKLY,SINGLE,STEP2_CHECKBOX,303500,306500,52500
BIWEEKLY,MARRIED,STANDARD,306500,309500,21300
BIWEEKLY,MARRIED,STEP2_CHECKBOX,306500,309500,35500
BIWEEKLY,HEAD_OF_HOUSEHOLD,STANDARD,306500,309500,25300
BIWEEKLY,HEAD_OF_HOUSEHOLD,STEP2_CHECKBOX,306500,309500,46400
BIWEEKLY,SINGLE,STANDARD,306500,309500,35500
BIWEEKLY,SINGLE,STEP2_CHECKBOX,306500,309500,53200
BIWEEKLY,MARRIED,STANDARD,309500,312500,21600
BIWEEKLY,MARRIED,STEP2_CHECKBOX,309500,312500,36200
BIWEEKLY,HEAD_OF_HOUSEHOLD,STANDARD,309500,312500,25600
BIWEEKLY,HEAD_OF_HOUSEHOLD,STEP2_CHECKBOX,309500,312500,47200
BIWEEKLY,SINGLE,STANDARD,309500,312500,36200
BIWEEKLY,SINGLE,STEP2_CHECKBOX,309500,312500,54000
BIWEEKLY,MARRIED,STANDARD,312500,315500,22000
BIWEEKLY,MARRIED,STEP2_CHECKBOX,312500,315500,36800
BIWEEKLY,HEAD_OF_HOUSEHOLD,STANDARD,312500,315500,26000
BIWEEKLY,HEAD_OF_HOUSEHOLD,STEP2_CHECKBOX,312500,315500,47900
BIWEEKLY,SINGLE,STANDARD,312500,315500,36800
BIWEEKLY,SINGLE,STEP2_CHECKBOX,312500,315500,54700
BIWEEKLY,MARRIED,STANDARD,315500,318500,22400
BIWEEKLY,MARRIED,STEP2_CHECKBOX,315500,318500,37500
BIWEEKLY,HEAD_OF_HOUSEHOLD,STANDARD,315500,318500,26300
BIWEEKLY,HEAD_OF_HOUSEHOLD,STEP2_CHECKBOX,315500,318500,48600
BIWEEKLY,SINGLE,STANDARD,315500,318500,37500
BIWEEKLY,SINGLE,STEP2_CHECKBOX,315500,318500,55400
BIWEEKLY,MARRIED,STANDARD,318500,321500,22700
BIWEEKLY,MARRIED,STEP2_CHECKBOX,318500,321500,38100
BIWEEKLY,HEAD_OF_HOUSEHOLD,STANDARD,318500,321500,26700
BIWEEKLY,HEAD_OF_HOUSEHOLD,STEP2_CHECKBOX,318500,321500,49300
BIWEEKLY,SINGLE,STANDARD,318500,321500,38100
BIWEEKLY,SINGLE,STEP2_CHECKBOX,318500,321500,56100
BIWEEKLY,MARRIED,STANDARD,321500,324500,23100
BIWEEKLY,MARRIED,STEP2_CHECKBOX,321500,324500,38800
BIWEEKLY,HEAD_OF_HOUSEHOLD,STANDARD,321500,324500,27100
BIWEEKLY,HEAD_OF_HOUSEHOLD,STEP2_CHECKBOX,321500,324500,50000
BIWEEKLY,SINGLE,STANDARD,321500,324500,38800
BIWEEKLY,SINGLE,STEP2_CHECKBOX,321500,324500,56800
BIWEEKLY,MARRIED,STANDARD,324500,327500,23400
BIWEEKLY,MARRIED,STEP2_CHECKBOX,324500,327500,39500
BIWEEKLY,HEAD_OF_HOUSEHOLD,STANDARD,324500,327500,27400
BIWEEKLY,HEAD_OF_HOUSEHOLD,STEP2_CHECKBOX,324500,327500,50800
BIWEEKLY,SINGLE,STANDARD,324500,327500,39500
BIWEEKLY,SINGLE,STEP2_CHECKBOX,324500,327500,57600
BIWEEKLY,MARRIED,STANDARD,327500,330500,23800
BIWEEKLY,MARRIED,STEP2_CHECKBOX,327500,330500,40100
BIWEEKLY,HEAD_OF_HOUSEHOLD,STANDARD,327500,330500,27800
BIWEEKLY,HEAD_OF_HOUSEHOLD,STEP2_CHECKBOX,327500,330500,51500
BIWEEKLY,SINGLE,STANDARD,327500,330500,40100
BIWEEKLY,SINGLE,STEP2_CHECKBOX,327500,330500,58300
BIWEEKLY,MARRIED,STANDARD,330500,333500,24200
BIWEEKLY,MARRIED,STEP2_CHECKBOX,330500,333500,40800
BIWEEKLY,HEAD_OF_HOUSEHOLD,STANDARD,330500,333500,28100
BIWEEKLY,HEAD_OF_HOUSEHOLD,STEP2_CHECKBOX,330500,333500,52200
BIWEEKLY,SINGLE,STANDARD,330500,333500,40800
BIWEEKLY,SINGLE,STEP2_CHECKBOX,330500,333500,59000
BIWEEKLY,MARRIED,STANDARD,333500,336500,24500
BIWEEKLY,MARRIED,STEP2_CHECKBOX,333500,336500,41400
BIWEEKLY,HEAD_OF_HOUSEHOLD,STANDARD,333500,336500,28500
BIWEEKLY,HEAD_OF_HOUSEHOLD,STEP2_CHECKBOX,333500,336500,52900
BIWEEKLY,SINGLE,STANDARD,333500,336500,41400
BIWEEKLY,SINGLE,STEP2_CHECKBOX,333500,336500,59700
BIWEEKLY,MARRIED,STANDARD,336500,339500,24900
BIWEEKLY,MARRIED,STEP2_CHECKBOX,336500,339500,42100
BIWEEKLY,HEAD_OF_HOUSEHOLD,STANDARD,336500,339500,29100
BIWEEKLY,HEAD_OF_HOUSEHOLD,STEP2_CHECKBOX,336500,339500,53600
BIWEEKLY,SINGLE,STANDARD,336500,339500,42100
BIWEEKLY,SINGLE,STEP2_CHECKBOX,336500,339500,60400
BIWEEKLY,MARRIED,STANDARD,339500,342500,25200
BIWEEKLY,MARRIED,STEP2_CHECKBOX,339500,342500,42800
BIWEEKLY,HEAD_OF_HOUSEHOLD,STANDARD,339500,342500,29700
BIWEEKLY,HEAD_OF_HOUSEHOLD,STEP2_CHECKBOX,339500,342500,54400
BIWEEKLY,SINGLE,STANDARD,339500,342500,42800
BIWEEKLY,SINGLE,STEP2_CHECKBOX,339500,342500,61200
BIWEEKLY,MARRIED,STANDARD,342500,345500,25600
BIWEEKLY,MARRIED,STEP2_CHECKBOX,342500,345500,43400
BIWEEKLY,HEAD_OF_HOUSEHOLD,STANDARD,342500,345500,30400
BIWEEKLY,HEAD_OF_HOUSEHOLD,STEP2_CHECKBOX,342500,345500,55100
BIWEEKLY,SINGLE,STANDARD,342500,345500,43400
BIWEEKLY,SINGLE,STEP2_CHECKBOX,342500,345500,61900
BIWEEKLY,MARRIED,STANDARD,345500,348500,26000
BIWEEKLY,MARRIED,STEP2_CHECKBOX,345500,348500,44100
BIWEEKLY,HEAD_OF_HOUSEHOLD,STANDARD,345500,348500,31100
BIWEEKLY,HEAD_OF_HOUSEHOLD,STEP2_CHECKBOX,345500,348500,55800
BIWEEKLY,SINGLE,STANDARD,345500,348500,44100
BIWEEKLY,SINGLE,STEP2_CHECKBOX,345500,348500,62600
BIWEEKLY,MARRIED,STANDARD,348500,351500,26300
BIWEEKLY,MARRIED,STEP2_CHECKBOX,348500,351500,44700
BIWEEKLY,HEAD_OF_HOUSEHOLD,STANDARD,348500,351500,31700
BIWEEKLY,HEAD_OF_HOUSEHOLD,STEP2_CHECKBOX,348500,351500,56500
BIWEEKLY,SINGLE,STANDARD,348500,351500,44700
BIWEEKLY,SINGLE,STEP2_CHECKBOX,348500,351500,63300
BIWEEKLY,MARRIED,STANDARD,351500,354500,26700
BIWEEKLY,MARRIED,STEP2_CHECKBOX,351500,354500,45400
BIWEEKLY,HEAD_OF_HOUSEHOLD,STANDARD,351500,354500,32400
BIWEEKLY,HEAD_OF_HOUSEHOLD,STEP2_CHECKBOX,351500,354500,57200
BIWEEKLY,SINGLE,STANDARD,351500,354500,45400
BIWEEKLY,SINGLE,STEP2_CHECKBOX,351500,354500,64000
BIWEEKLY,MARRIED,STANDARD,354500,357500,27000
BIWEEKLY,MARRIED,STEP2_CHECKBOX,354500,357500,46100
BIWEEKLY,HEAD_OF_HOUSEHOLD,STANDARD,354500,357500,33000
BIWEEKLY,HEAD_OF_HOUSEHOLD,STEP2_CHECKBOX,354500,357500,58000
BIWEEKLY,SINGLE,STANDARD,354500,357500,46100
BIWEEKLY,SINGLE,STEP2_CHECKBOX,354500,357500,64800
BIWEEKLY,MARRIED,STANDARD,357500,360500,27400
BIWEEKLY,MARRIED,STEP2_CHECKBOX,357500,360500,46700
BIWEEKLY,HEAD_OF_HOUSEHOLD,STANDARD,357500,360500,33700
BIWEEKLY,HEAD_OF_HOUSEHOLD,STEP2_CHECKBOX,357500,360500,58700
BIWEEKLY,SINGLE,STANDARD,357500,360500,46700
BIWEEKLY,SINGLE,STEP2_CHECKBOX,357500,360500,65500
BIWEEKLY,MARRIED,STANDARD,360500,363500,27800
BIWEEKLY,MARRIED,STEP2_CHECKBOX,360500,363500,47400
BIWEEKLY,HEAD_OF_HOUSEHOLD,STANDARD,360500,363500,34400
BIWEEKLY,HEAD_OF_HOUSEHOLD,STEP2_CHECKBOX,360500,363500,59400
BIWEEKLY,SINGLE,STANDARD,360500,363500,47400
BIWEEKLY,SINGLE,STEP2_CHECKBOX,360500,363500,66200
BIWEEKLY,MARRIED,STANDARD,363500,366500,28100
BIWEEKLY,MARRIED,STEP2_CHECKBOX,363500,366500,48000
BIWEEKLY,HEAD_OF_HOUSEHOLD,STANDARD,363500,366500,35000
BIWEEKLY,HEAD_OF_HOUSEHOLD,STEP2_CHECKBOX,363500,366500,60100
BIWEEKLY,SINGLE,STANDARD,363500,366500,48000
BIWEEKLY,SINGLE,STEP2_CHECKBOX,363500,366500,66900
BIWEEKLY,MARRIED,STANDARD,366500,369500,28500
BIWEEKLY,MARRIED,STEP2_CHECKBOX,366500,369500,48700
BIWEEKLY,HEAD_OF_HOUSEHOLD,STANDARD,366500,369500,35700
BIWEEKLY,HEAD_OF_HOUSEHOLD,STEP2_CHECKBOX,366500,369500,60800
BIWEEKLY,SINGLE,STANDARD,366500,369500,48700
BIWEEKLY,SINGLE,STEP2_CHECKBOX,366500,369500,67600
BIWEEKLY,MARRIED,STANDARD,369500,372500,28800
BIWEEKLY,MARRIED,STEP2_CHECKBOX,369500,372500,49400
BIWEEKLY,HEAD_OF_HOUSEHOLD,STANDARD,369500,372500,36300
BIWEEKLY,HEAD_OF_HOUSEHOLD,STEP2_CHECKBOX,369500,372500,61600
BIWEEKLY,SINGLE,STANDARD,369500,372500,49400
BIWEEKLY,SINGLE,STEP2_CHECKBOX,369500,372500,68400
BIWEEKLY,MARRIED,STANDARD,372500,,29200
BIWEEKLY,MARRIED,STEP2_CHECKBOX,372500,,50000
BIWEEKLY,HEAD_OF_HOUSEHOLD,STANDARD,372500,,37000
BIWEEKLY,HEAD_OF_HOUSEHOLD,STEP2_CHECKBOX,372500,,62300
BIWEEKLY,SINGLE,STANDARD,372500,,50000
BIWEEKLY,SINGLE,STEP2_CHECKBOX,372500,,69100
